Episode,Step,Timestamp,Speed_ms,Throttle,Steering,Brake,Damage,Damage_Increase,Total_Damage,Gx,Gy,Gz,Distance_From_Origin,Distance_From_Checkpoint,Position_X,Position_Y,Position_Z,Position_Delta,Stationary_Timer,Crash_Detected,Stationary_Timeout,Flipped,Reward,Event_Type
1,0,2026-01-03 20:02:20.202,11.75,0.59,-183.30,0.04,0.000,0.000,0.000,-3.43,-0.95,-10.90,16.1,16.1,-728.8,89.3,118.6,3.853,0.0,False,False,False,3.10,
1,1,2026-01-03 20:02:20.570,12.21,0.62,77.12,0.24,0.000,0.000,0.000,-1.10,-2.65,-10.50,20.4,20.4,-732.2,86.6,118.6,3.950,0.0,False,False,False,3.18,
1,2,2026-01-03 20:02:20.930,12.76,0.97,180.81,0.13,0.000,0.000,0.000,5.04,-0.29,-9.26,24.8,24.8,-735.6,83.8,118.5,3.978,0.0,False,False,False,3.26,
1,3,2026-01-03 20:02:21.298,12.67,0.67,256.39,0.29,0.000,0.000,0.000,5.06,0.97,-9.09,29.5,29.5,-738.8,80.4,118.5,4.238,0.0,False,False,False,3.38,
1,4,2026-01-03 20:02:21.647,12.95,0.66,231.91,0.02,0.000,0.000,0.000,6.92,-1.27,-9.75,33.8,33.8,-741.2,76.7,118.5,4.035,0.0,False,False,False,3.26,
1,5,2026-01-03 20:02:22.033,12.77,0.44,56.28,0.20,0.000,0.000,0.000,5.13,0.50,-9.48,38.4,38.4,-743.1,72.1,118.4,4.301,0.0,False,False,False,3.29,
1,6,2026-01-03 20:02:22.394,13.15,0.45,155.83,0.01,0.000,0.000,0.000,8.23,-1.98,-7.58,42.1,42.1,-744.2,68.2,118.4,3.676,0.0,False,False,False,2.98,
1,7,2026-01-03 20:02:22.754,12.48,0.39,222.33,0.03,0.000,0.000,0.000,1.25,4.42,-7.43,46.1,46.1,-744.9,63.7,118.5,4.084,0.0,False,False,False,3.05,
1,8,2026-01-03 20:02:26.128,4.48,0.20,0.00,0.00,0.000,0.000,0.000,-0.37,-7.04,-8.13,1.3,47.2,-718.4,99.7,118.7,2.252,0.0,True,False,False,-28.45,CRASH
2,0,2026-01-03 20:02:28.478,3.36,0.30,166.14,0.26,0.000,0.000,0.000,1.79,-2.49,-9.21,1.5,1.5,-718.3,99.8,118.7,0.947,0.0,False,False,False,0.81,
2,1,2026-01-03 20:02:28.829,4.87,0.37,316.62,0.03,0.000,0.000,0.000,2.24,-3.93,-8.04,2.9,2.9,-719.1,98.6,118.7,1.285,0.0,False,False,False,1.12,
2,2,2026-01-03 20:02:29.187,6.09,0.94,97.49,0.13,0.000,0.000,0.000,1.31,-4.25,-9.65,4.8,4.8,-720.0,96.9,118.7,1.717,0.0,False,False,False,1.45,
2,3,2026-01-03 20:02:29.553,6.88,0.42,-80.11,0.11,0.000,0.000,0.000,-1.66,-2.34,-10.50,7.2,7.2,-721.0,94.7,118.7,2.192,0.0,False,False,False,1.77,
2,4,2026-01-03 20:02:29.921,7.41,0.95,-246.04,0.21,0.000,0.000,0.000,-4.48,-1.18,-9.02,9.8,9.8,-722.2,92.4,118.6,2.385,0.0,False,False,False,1.93,
2,5,2026-01-03 20:02:30.304,8.19,0.46,-13.70,0.28,0.000,0.000,0.000,-2.46,-2.46,-9.58,12.7,12.7,-724.1,90.1,118.6,2.589,0.0,False,False,False,2.09,
2,6,2026-01-03 20:02:30.670,9.25,0.59,-74.23,0.06,0.000,0.000,0.000,-1.53,-2.46,-8.74,15.9,15.9,-726.4,88.0,118.6,2.912,0.0,False,False,False,2.34,
2,7,2026-01-03 20:02:31.023,10.44,0.94,-29.08,0.13,0.000,0.000,0.000,-1.92,-3.48,-10.36,19.2,19.2,-729.1,85.8,118.6,3.108,0.0,False,False,False,2.55,
2,8,2026-01-03 20:02:31.373,11.43,0.90,230.49,0.23,0.000,0.000,0.000,3.38,-1.47,-9.46,22.9,22.9,-732.1,83.4,118.5,3.467,0.0,False,False,False,2.83,
2,9,2026-01-03 20:02:31.738,11.76,0.99,100.66,0.29,0.000,0.000,0.000,4.61,-1.27,-9.84,27.2,27.2,-735.2,80.4,118.5,3.862,0.0,False,False,False,3.10,
2,10,2026-01-03 20:02:32.116,11.89,0.50,245.80,0.24,0.000,0.000,0.000,5.29,0.34,-7.44,31.5,31.5,-737.8,77.0,118.5,3.762,0.0,False,False,False,3.06,
2,11,2026-01-03 20:02:32.466,12.39,0.86,310.57,0.02,0.000,0.000,0.000,6.85,-0.73,-9.61,35.7,35.7,-739.8,73.3,118.4,3.838,0.0,False,False,False,3.12,
2,12,2026-01-03 20:02:32.818,12.10,0.56,99.85,0.23,0.000,0.000,0.000,4.56,-1.36,-6.25,39.7,39.7,-741.2,69.2,118.5,3.872,0.0,False,False,False,3.03,
2,13,2026-01-03 20:02:33.172,10.91,0.48,-182.39,0.18,72.747,72.747,72.747,-0.12,6.19,-4.87,43.4,43.4,-742.0,65.2,118.6,3.712,0.0,False,False,False,2.82,
2,14,2026-01-03 20:02:36.569,4.78,0.20,0.00,0.00,0.000,0.000,0.000,-0.28,-3.65,-9.96,2.0,43.6,-718.6,99.5,118.7,2.021,0.0,True,False,False,-28.36,CRASH
3,0,2026-01-03 20:02:38.929,3.26,0.30,111.88,0.28,0.000,0.000,0.000,0.55,-1.07,-9.89,1.4,1.4,-718.2,99.8,118.7,0.878,0.0,False,False,False,0.76,
3,1,2026-01-03 20:02:39.282,4.45,0.60,-8.11,0.17,0.000,0.000,0.000,-0.00,-4.28,-10.25,2.7,2.7,-719.1,98.8,118.7,1.185,0.0,False,False,False,1.03,
3,2,2026-01-03 20:02:39.637,5.15,0.46,-167.55,0.25,0.000,0.000,0.000,-2.58,-0.61,-9.87,4.4,4.4,-720.2,97.7,118.7,1.482,0.0,False,False,False,1.25,
3,3,2026-01-03 20:02:40.003,6.10,0.80,-46.00,0.27,0.000,0.000,0.000,-1.82,-3.90,-10.18,6.3,6.3,-721.7,96.4,118.7,1.737,0.0,False,False,False,1.47,
3,4,2026-01-03 20:02:40.375,7.45,0.91,-225.40,0.01,0.000,0.000,0.000,-2.36,-2.81,-8.96,8.8,8.8,-723.7,94.9,118.7,2.275,0.0,False,False,False,1.87,
3,5,2026-01-03 20:02:40.743,8.01,0.44,-358.40,0.08,0.000,0.000,0.000,-5.25,-0.58,-9.78,11.5,11.5,-726.3,93.7,118.6,2.466,0.0,False,False,False,1.99,
3,6,2026-01-03 20:02:41.097,9.25,0.69,76.70,0.08,0.000,0.000,0.000,-2.29,-6.05,-10.07,14.2,14.2,-729.2,93.1,118.6,2.655,0.0,False,False,False,2.13,
3,7,2026-01-03 20:02:41.463,10.37,0.48,65.26,0.15,0.000,0.000,0.000,2.04,-1.34,-11.58,17.6,17.6,-732.8,92.6,118.6,3.344,0.0,False,False,False,2.58,
3,8,2026-01-03 20:02:41.829,10.90,0.32,243.99,0.02,0.000,0.000,0.000,4.02,-0.62,-8.54,21.4,21.4,-736.6,91.7,118.6,3.557,0.0,False,False,False,2.81,
3,9,2026-01-03 20:02:42.197,10.95,0.40,-141.62,0.07,0.000,0.000,0.000,-0.88,0.13,-10.04,25.4,25.4,-740.4,90.3,118.5,3.657,0.0,False,False,False,2.92,
3,10,2026-01-03 20:02:42.581,11.36,0.61,13.48,0.07,0.000,0.000,0.000,-0.15,0.43,-8.66,29.7,29.7,-744.4,89.0,118.7,3.711,0.0,False,False,False,2.98,
3,11,2026-01-03 20:02:42.947,11.54,0.49,23.43,0.26,0.000,0.000,0.000,-1.78,0.08,-13.82,33.7,33.7,-748.3,87.7,118.7,3.654,0.0,False,False,False,2.98,
3,12,2026-01-03 20:02:46.330,4.09,0.20,0.00,0.00,0.000,0.000,0.000,0.13,-6.60,-8.04,1.3,36.1,-718.2,99.9,118.7,3.392,0.0,True,False,False,-27.49,CRASH
4,0,2026-01-03 20:02:49.032,3.82,0.74,152.61,0.12,0.000,0.000,0.000,1.92,-4.08,-9.29,1.4,1.4,-718.2,99.9,118.7,0.900,0.0,False,False,False,0.81,
4,1,2026-01-03 20:02:49.386,5.26,0.67,296.52,0.18,0.000,0.000,0.000,3.01,-4.80,-10.46,2.9,2.9,-719.1,98.6,118.7,1.430,0.0,False,False,False,1.23,
4,2,2026-01-03 20:02:49.740,6.92,0.91,327.46,0.06,0.000,0.000,0.000,5.36,-3.66,-9.01,5.0,5.0,-720.0,96.7,118.7,1.935,0.0,False,False,False,1.64,
4,3,2026-01-03 20:02:50.092,7.21,0.40,-62.39,0.21,0.000,0.000,0.000,0.67,0.39,-9.13,7.5,7.5,-720.7,94.3,118.7,2.284,0.0,False,False,False,1.82,
4,4,2026-01-03 20:02:50.459,8.57,0.53,237.12,0.01,0.000,0.000,0.000,1.12,-1.61,-6.82,10.3,10.3,-721.2,91.5,118.6,2.620,0.0,False,False,False,2.12,
4,5,2026-01-03 20:02:50.843,8.52,0.53,-159.03,0.29,0.000,0.000,0.000,-2.41,3.18,-9.82,13.5,13.5,-721.5,88.1,118.7,2.895,0.0,False,False,False,2.26,
4,6,2026-01-03 20:02:54.219,4.38,0.20,0.00,0.00,0.000,0.000,0.000,-0.07,-5.31,-10.08,1.6,14.8,-718.3,99.8,118.7,2.572,0.0,True,False,False,-28.28,CRASH
5,0,2026-01-03 20:02:56.526,3.79,0.42,265.23,0.28,0.000,0.000,0.000,0.32,-3.10,-9.36,1.7,1.7,-718.4,99.6,118.7,1.077,0.0,False,False,False,0.91,
5,1,2026-01-03 20:02:56.894,4.80,0.76,-75.01,0.22,0.000,0.000,0.000,-0.94,-2.92,-8.12,3.3,3.3,-719.4,98.4,118.7,1.420,0.0,False,False,False,1.18,
5,2,2026-01-03 20:02:57.266,6.20,0.43,135.71,0.11,0.000,0.000,0.000,1.86,-3.97,-8.85,5.3,5.3,-720.6,96.8,118.7,1.849,0.0,False,False,False,1.54,
5,3,2026-01-03 20:02:57.633,7.50,0.58,45.28,0.06,0.000,0.000,0.000,0.70,-3.81,-9.58,7.8,7.8,-722.0,94.7,118.7,2.279,0.0,False,False,False,1.88,
5,4,2026-01-03 20:02:57.990,8.16,0.93,-246.74,0.18,0.000,0.000,0.000,-4.29,-1.17,-9.67,10.5,10.5,-723.5,92.3,118.6,2.494,0.0,False,False,False,2.06,
5,5,2026-01-03 20:02:58.367,9.40,0.57,57.41,0.12,0.000,0.000,0.000,-0.58,-4.48,-8.34,13.7,13.7,-725.5,89.9,118.6,2.746,0.0,False,False,False,2.30,
5,6,2026-01-03 20:02:58.732,9.38,0.47,-259.56,0.25,0.000,0.000,0.000,-4.06,1.08,-8.39,17.2,17.2,-728.0,87.4,118.6,3.184,0.0,False,False,False,2.52,
5,7,2026-01-03 20:02:59.098,9.98,0.88,-123.52,0.12,0.000,0.000,0.000,-5.94,-3.40,-9.59,20.6,20.6,-730.7,85.3,118.6,3.173,0.0,False,False,False,2.54,
5,8,2026-01-03 20:02:59.465,10.30,0.73,-217.55,0.23,0.000,0.000,0.000,-5.67,-1.46,-9.30,23.6,23.6,-733.6,83.8,118.6,2.880,0.0,False,False,False,2.38,
5,9,2026-01-03 20:02:59.832,11.36,0.84,163.50,0.21,0.000,0.000,0.000,-1.70,-4.66,-11.59,27.1,27.1,-737.4,82.7,118.5,3.564,0.0,False,False,False,2.72,
5,10,2026-01-03 20:03:00.214,12.12,0.57,222.27,0.08,0.000,0.000,0.000,7.37,-0.98,-11.27,31.3,31.3,-741.7,81.3,118.5,3.954,0.0,False,False,False,3.03,
5,11,2026-01-03 20:03:00.581,12.00,0.32,303.22,0.08,0.000,0.000,0.000,5.57,-0.81,-7.64,35.6,35.6,-745.6,79.2,118.5,4.017,0.0,False,False,False,3.18,
5,12,2026-01-03 20:03:00.932,12.02,0.82,263.55,0.25,0.000,0.000,0.000,6.71,-0.75,-11.14,39.8,39.8,-748.8,76.5,118.4,3.784,0.0,False,False,False,3.09,
5,13,2026-01-03 20:03:01.281,12.21,0.78,-253.30,0.01,0.000,0.000,0.000,-2.81,0.12,-9.12,44.0,44.0,-751.6,73.4,118.4,3.858,0.0,False,False,False,3.12,
5,14,2026-01-03 20:03:01.649,12.14,0.98,-217.42,0.15,0.000,0.000,0.000,-6.62,0.92,-7.26,48.1,48.1,-754.5,70.5,118.4,3.670,0.0,False,False,False,3.04,
5,15,2026-01-03 20:03:02.036,11.98,0.64,-264.89,0.16,0.000,0.000,0.000,-7.45,-0.68,-9.21,52.4,52.4,-758.1,68.0,118.4,3.795,0.0,False,False,False,3.09,
5,16,2026-01-03 20:03:02.402,11.84,0.90,-246.57,0.25,0.000,0.000,0.000,-6.68,-0.42,-8.31,56.6,56.6,-762.1,66.3,118.4,3.958,0.0,False,False,False,3.09,
5,17,2026-01-03 20:03:02.755,11.74,0.53,-272.95,0.12,0.000,0.000,0.000,-6.93,3.54,-11.18,60.2,60.2,-766.0,65.5,118.3,3.551,0.0,False,False,False,2.78,
5,18,2026-01-03 20:03:03.107,11.56,0.96,78.72,0.17,0.000,0.000,0.000,-2.84,1.16,-2.40,63.6,63.6,-770.0,65.3,118.5,3.641,0.0,False,False,False,2.69,
5,19,2026-01-03 20:03:06.490,4.76,0.20,0.00,0.00,0.000,0.000,0.000,-0.01,-4.24,-9.78,1.9,63.7,-718.6,99.5,118.7,1.809,0.0,True,False,False,-28.64,CRASH
6,0,2026-01-03 20:03:08.855,4.65,0.55,182.25,0.06,0.000,0.000,0.000,0.58,-5.13,-10.25,1.9,1.9,-718.5,99.5,118.7,1.150,0.0,False,False,False,1.03,
6,1,2026-01-03 20:03:09.222,6.16,0.45,57.64,0.07,0.000,0.000,0.000,0.95,-2.78,-8.63,3.9,3.9,-719.8,97.9,118.7,1.849,0.0,False,False,False,1.53,
6,2,2026-01-03 20:03:09.588,7.29,0.89,-261.57,0.06,0.000,0.000,0.000,-3.51,-2.53,-9.76,6.3,6.3,-721.2,95.9,118.7,2.249,0.0,False,False,False,1.85,
6,3,2026-01-03 20:03:09.943,8.53,0.67,183.76,0.22,0.000,0.000,0.000,1.30,-5.15,-11.53,9.1,9.1,-723.1,93.9,118.6,2.458,0.0,False,False,False,2.07,
6,4,2026-01-03 20:03:10.296,9.06,0.62,-197.38,0.16,0.000,0.000,0.000,-1.70,-1.81,-10.63,12.2,12.2,-725.2,91.7,118.6,2.820,0.0,False,False,False,2.32,
6,5,2026-01-03 20:03:10.663,9.87,0.55,-44.61,0.12,0.000,0.000,0.000,-4.10,-3.41,-11.05,15.6,15.6,-727.8,89.4,118.6,2.956,0.0,False,False,False,2.45,
6,6,2026-01-03 20:03:11.015,9.72,0.45,-220.88,0.28,0.000,0.000,0.000,-3.97,2.38,-8.09,19.0,19.0,-730.6,87.3,118.6,3.135,0.0,False,False,False,2.51,
6,7,2026-01-03 20:03:11.377,10.89,0.66,237.01,0.12,0.000,0.000,0.000,0.29,-4.33,-11.68,22.4,22.4,-733.7,85.6,118.5,3.198,0.0,False,False,False,2.63,
6,8,2026-01-03 20:03:11.743,11.01,0.50,-81.27,0.18,0.000,0.000,0.000,-0.47,0.58,-8.29,26.4,26.4,-737.1,83.5,118.5,3.692,0.0,False,False,False,2.91,
6,9,2026-01-03 20:03:12.109,10.96,0.64,-242.03,0.21,0.000,0.000,0.000,-5.74,0.08,-11.22,30.4,30.4,-740.6,81.5,118.5,3.673,0.0,False,False,False,2.90,
6,10,2026-01-03 20:03:12.481,12.21,0.90,227.59,0.07,0.000,0.000,0.000,-0.99,-5.84,-12.78,34.3,34.3,-744.5,80.0,118.5,3.604,0.0,False,False,False,2.93,
6,11,2026-01-03 20:03:12.847,12.54,0.53,103.69,0.14,0.000,0.000,0.000,6.53,-0.34,-9.75,38.8,38.8,-748.8,78.3,118.4,4.157,0.0,False,False,False,3.27,
6,12,2026-01-03 20:03:13.213,11.49,0.32,-259.92,0.29,0.000,0.000,0.000,-3.17,2.61,-8.98,43.2,43.2,-752.6,76.1,118.4,4.016,0.0,False,False,False,3.15,
6,13,2026-01-03 20:03:13.568,12.29,0.80,74.88,0.07,0.000,0.000,0.000,-1.88,-4.42,-9.92,47.2,47.2,-756.3,74.4,118.4,3.669,0.0,False,False,False,3.03,
6,14,2026-01-03 20:03:13.935,12.65,0.93,66.35,0.06,0.000,0.000,0.000,7.54,6.57,-8.49,51.8,51.8,-760.6,72.5,118.5,4.234,0.0,False,False,False,3.36,
6,15,2026-01-03 20:03:17.362,4.21,0.20,0.00,0.00,0.000,0.000,0.000,-0.18,-4.86,-9.12,1.4,54.9,-718.2,99.9,118.7,4.036,0.0,True,False,False,-27.46,CRASH
7,0,2026-01-03 20:03:19.674,3.37,0.53,-257.18,0.24,0.000,0.000,0.000,-0.40,-3.23,-15.09,1.5,1.5,-718.4,99.8,118.7,0.986,0.0,False,False,False,0.83,
7,1,2026-01-03 20:03:20.032,5.48,0.92,176.64,0.02,0.000,0.000,0.000,-0.39,-7.94,-8.67,3.0,3.0,-719.5,98.9,118.7,1.339,0.0,False,False,False,1.20,
7,2,2026-01-03 20:03:20.387,6.18,0.39,-133.52,0.20,0.000,0.000,0.000,-1.30,-1.03,-10.43,5.1,5.1,-721.2,97.6,118.7,1.931,0.0,False,False,False,1.58,
7,3,2026-01-03 20:03:20.754,6.94,0.90,-396.68,0.09,0.000,0.000,0.000,-5.03,-1.79,-11.14,7.5,7.5,-723.2,96.3,118.7,2.164,0.0,False,False,False,1.76,
7,4,2026-01-03 20:03:21.120,8.38,0.71,117.28,0.14,0.000,0.000,0.000,-2.33,-6.22,-12.29,10.1,10.1,-725.8,95.4,118.6,2.477,0.0,False,False,False,2.02,
7,5,2026-01-03 20:03:21.504,9.65,0.83,162.05,0.22,0.000,0.000,0.000,3.04,-2.84,-9.73,13.6,13.6,-729.1,94.3,118.6,3.067,0.0,False,False,False,2.46,
7,6,2026-01-03 20:03:21.855,10.21,0.30,316.96,0.02,0.000,0.000,0.000,6.25,-0.56,-11.43,17.1,17.1,-732.3,92.7,118.6,3.170,0.0,False,False,False,2.60,
7,7,2026-01-03 20:03:22.220,10.48,0.89,7.78,0.19,0.000,0.000,0.000,3.63,-2.02,-7.97,20.5,20.5,-735.0,90.6,118.6,3.083,0.0,False,False,False,2.57,
7,8,2026-01-03 20:03:22.576,11.95,0.93,115.44,0.00,0.000,0.000,0.000,4.01,-4.05,-8.08,24.3,24.3,-737.7,87.9,118.5,3.539,0.0,False,False,False,2.91,
7,9,2026-01-03 20:03:22.941,12.22,0.80,272.38,0.24,0.000,0.000,0.000,4.84,-0.32,-10.00,28.5,28.5,-740.5,84.4,118.5,4.050,0.0,False,False,False,3.15,
7,10,2026-01-03 20:03:23.325,11.95,0.79,-186.46,0.24,0.000,0.000,0.000,-0.25,1.43,-9.39,32.8,32.8,-742.8,80.3,118.5,4.049,0.0,False,False,False,3.06,
7,11,2026-01-03 20:03:23.683,11.64,0.33,-290.71,0.09,0.000,0.000,0.000,-4.97,0.89,-9.84,36.6,36.6,-745.0,77.0,118.5,3.549,0.0,False,False,False,2.86,
7,12,2026-01-03 20:03:24.040,12.14,0.72,182.99,0.29,0.000,0.000,0.000,-1.84,-2.41,-9.51,40.6,40.6,-747.7,73.9,118.4,3.712,0.0,False,False,False,3.05,
7,13,2026-01-03 20:03:24.408,12.44,0.56,-172.43,0.00,0.000,0.000,0.000,-1.49,-0.68,-7.48,45.1,45.1,-750.7,70.6,118.4,4.131,0.0,False,False,False,3.30,
7,14,2026-01-03 20:03:24.759,13.13,0.52,151.40,0.09,0.000,0.000,0.000,-0.49,-3.06,-10.55,49.6,49.6,-753.9,67.5,118.3,4.005,0.0,False,False,False,3.31,
7,15,2026-01-03 20:03:25.146,13.18,0.36,239.25,0.08,0.000,0.000,0.000,7.07,0.77,-8.78,54.2,54.2,-757.0,64.0,118.3,3.962,0.0,False,False,False,3.29,
7,16,2026-01-03 20:03:25.515,13.08,0.46,155.88,0.06,0.000,0.000,0.000,7.90,0.14,-8.92,58.8,58.8,-759.4,59.9,118.3,4.353,0.0,False,False,False,3.40,
7,17,2026-01-03 20:03:25.869,12.61,0.61,-159.28,0.14,0.000,0.000,0.000,-0.20,0.78,-8.90,62.9,62.9,-761.1,55.7,118.3,4.068,0.0,False,False,False,3.13,
7,18,2026-01-03 20:03:26.237,12.90,0.53,96.18,0.23,0.000,0.000,0.000,-0.37,-1.38,-10.15,67.3,67.3,-762.9,51.5,118.2,4.205,0.0,False,False,False,3.26,
7,19,2026-01-03 20:03:26.604,13.13,0.23,126.03,0.02,0.000,0.000,0.000,2.93,1.31,-14.84,71.7,71.7,-764.6,47.0,118.2,4.374,0.0,False,False,False,3.35,
7,20,2026-01-03 20:03:26.974,12.61,0.42,180.53,0.13,0.000,0.000,0.000,7.25,-1.87,-6.23,76.0,76.0,-765.8,42.4,118.3,4.050,0.0,False,False,False,3.10,
7,21,2026-01-03 20:03:30.350,4.28,0.20,0.00,0.00,0.000,0.000,0.000,-0.57,-6.46,-5.53,1.4,77.0,-718.3,99.8,118.7,2.308,0.0,True,False,False,-28.32,CRASH
8,0,2026-01-03 20:03:32.661,3.80,0.53,-124.99,0.18,0.000,0.000,0.000,-0.90,-1.56,-14.76,1.6,1.6,-718.4,99.8,118.7,0.997,0.0,False,False,False,0.86,
8,1,2026-01-03 20:03:33.020,5.23,0.49,205.12,0.24,0.000,0.000,0.000,1.09,-4.40,-9.69,3.2,3.2,-719.5,98.7,118.7,1.411,0.0,False,False,False,1.22,
8,2,2026-01-03 20:03:33.387,6.41,0.75,-117.82,0.09,0.000,0.000,0.000,-1.67,-2.77,-10.11,5.3,5.3,-721.0,97.2,118.7,1.944,0.0,False,False,False,1.61,
8,3,2026-01-03 20:03:33.754,7.64,0.70,106.21,0.23,0.000,0.000,0.000,1.68,-3.86,-10.03,7.8,7.8,-722.9,95.4,118.7,2.323,0.0,False,False,False,1.92,
8,4,2026-01-03 20:03:34.108,8.63,0.65,-181.64,0.02,0.000,0.000,0.000,-1.39,-2.06,-7.99,10.7,10.7,-724.9,93.4,118.6,2.590,0.0,False,False,False,2.15,
8,5,2026-01-03 20:03:34.491,8.86,0.76,-206.51,0.26,0.000,0.000,0.000,-4.85,-0.84,-9.57,13.9,13.9,-727.5,91.5,118.6,2.785,0.0,False,False,False,2.27,
8,6,2026-01-03 20:03:34.891,10.58,0.89,134.97,0.09,0.000,0.000,0.000,-2.39,-6.31,-12.66,17.6,17.6,-730.9,89.7,118.6,3.179,0.0,False,False,False,2.59,
8,7,2026-01-03 20:03:35.261,11.37,0.80,-178.52,0.08,0.000,0.000,0.000,-3.27,-1.67,-10.86,21.6,21.6,-734.6,88.1,118.6,3.725,0.0,False,False,False,2.94,
8,8,2026-01-03 20:03:35.630,12.09,0.60,113.91,0.21,0.000,0.000,0.000,0.45,-3.02,-11.22,25.7,25.7,-738.7,86.7,118.5,3.873,0.0,False,False,False,3.07,
8,9,2026-01-03 20:03:35.996,12.38,0.62,-165.37,0.02,0.000,0.000,0.000,-1.55,-0.73,-7.87,30.1,30.1,-742.9,85.3,118.5,4.104,0.0,False,False,False,3.23,
8,10,2026-01-03 20:03:36.379,11.77,0.37,-271.68,0.11,0.000,0.000,0.000,-5.30,6.48,-16.14,34.6,34.6,-747.5,84.2,118.5,4.082,0.0,False,False,False,3.13,
8,11,2026-01-03 20:03:36.729,11.39,0.51,258.24,0.11,0.000,0.000,0.000,1.79,0.93,-8.77,38.2,38.2,-751.5,84.0,118.8,3.619,0.0,False,False,False,2.78,
8,12,2026-01-03 20:03:40.130,4.81,0.20,0.00,0.00,0.000,0.000,0.000,-0.43,-2.28,-10.74,2.1,38.3,-718.7,99.4,118.7,1.935,0.0,True,False,False,-28.54,CRASH
9,0,2026-01-03 20:03:42.601,3.45,0.65,242.73,0.29,0.000,0.000,0.000,0.72,-2.49,-9.50,1.4,1.4,-718.2,99.8,118.7,0.914,0.0,False,False,False,0.80,
9,1,2026-01-03 20:03:42.958,4.98,0.85,-84.52,0.06,0.000,0.000,0.000,-0.52,-4.59,-9.01,2.9,2.9,-719.1,98.7,118.7,1.334,0.0,False,False,False,1.16,
9,2,2026-01-03 20:03:43.325,6.47,0.57,-79.68,0.13,0.000,0.000,0.000,-2.07,-2.40,-9.47,4.9,4.9,-720.5,97.2,118.7,1.842,0.0,False,False,False,1.56,
9,3,2026-01-03 20:03:43.694,7.38,0.30,66.61,0.08,0.000,0.000,0.000,1.70,-2.07,-11.72,7.3,7.3,-722.1,95.5,118.7,2.088,0.0,False,False,False,1.78,
9,4,2026-01-03 20:03:44.060,7.96,0.59,19.80,0.23,0.000,0.000,0.000,0.86,-2.05,-9.38,9.8,9.8,-723.8,93.6,118.6,2.287,0.0,False,False,False,1.94,
9,5,2026-01-03 20:03:44.447,8.86,0.60,158.20,0.20,0.000,0.000,0.000,3.11,-2.52,-9.12,12.9,12.9,-725.7,91.2,118.6,2.669,0.0,False,False,False,2.22,
9,6,2026-01-03 20:03:44.807,9.03,0.32,249.13,0.18,0.000,0.000,0.000,4.76,0.11,-11.70,16.0,16.0,-727.4,88.5,118.6,2.857,0.0,False,False,False,2.32,
9,7,2026-01-03 20:03:45.160,9.31,0.40,28.03,0.11,0.000,0.000,0.000,2.29,-1.07,-9.20,19.1,19.1,-728.6,85.6,118.6,2.895,0.0,False,False,False,2.32,
9,8,2026-01-03 20:03:45.527,8.98,0.36,-96.76,0.29,0.000,0.000,0.000,-2.52,0.74,-9.78,22.3,22.3,-729.7,82.4,118.6,3.068,0.0,False,False,False,2.37,
9,9,2026-01-03 20:03:45.895,8.69,0.54,-261.19,0.28,0.000,0.000,0.000,-4.45,0.01,-12.49,25.5,25.5,-731.0,79.4,118.6,2.933,0.0,False,False,False,2.32,
9,10,2026-01-03 20:03:49.302,4.26,0.20,0.00,0.00,0.000,0.000,0.000,-0.20,-6.49,-7.79,1.5,27.2,-718.3,99.8,118.7,2.810,0.0,True,False,True,-47.97,CRASH
10,0,2026-01-03 20:03:51.599,4.21,0.68,-95.99,0.06,0.000,0.000,0.000,-2.18,-4.67,-8.98,1.7,1.7,-718.4,99.7,118.7,1.063,0.0,False,False,False,0.94,
10,1,2026-01-03 20:03:51.951,5.53,0.36,170.63,0.22,0.000,0.000,0.000,1.55,-2.00,-9.24,3.4,3.4,-719.7,98.5,118.7,1.575,0.0,False,False,False,1.34,
10,2,2026-01-03 20:03:52.303,5.86,0.35,383.24,0.23,0.000,0.000,0.000,3.87,0.02,-10.12,5.4,5.4,-721.0,97.0,118.7,1.807,0.0,False,False,False,1.48,
10,3,2026-01-03 20:03:52.663,6.69,0.41,-42.92,0.01,0.000,0.000,0.000,0.22,-1.78,-8.70,7.5,7.5,-722.1,95.1,118.7,1.989,0.0,False,False,False,1.64,
10,4,2026-01-03 20:03:53.016,7.72,0.76,-144.55,0.06,0.000,0.000,0.000,-2.96,-3.14,-10.97,10.0,10.0,-723.3,92.9,118.6,2.262,0.0,False,False,False,1.89,
10,5,2026-01-03 20:03:53.390,8.91,0.69,124.11,0.27,0.000,0.000,0.000,0.67,-3.24,-11.79,12.9,12.9,-725.1,90.6,118.6,2.496,0.0,False,False,False,2.13,
10,6,2026-01-03 20:03:53.742,8.76,0.43,-196.88,0.26,0.000,0.000,0.000,-3.12,0.84,-9.83,16.1,16.1,-727.0,88.1,118.6,2.840,0.0,False,False,False,2.30,
10,7,2026-01-03 20:03:54.092,8.68,0.47,-149.76,0.26,0.000,0.000,0.000,-4.35,0.05,-9.16,19.1,19.1,-729.0,85.9,118.6,2.750,0.0,False,False,False,2.24,
10,8,2026-01-03 20:03:54.443,10.17,0.48,147.64,0.01,0.000,0.000,0.000,1.57,-4.11,-9.77,22.3,22.3,-731.6,83.8,118.5,2.957,0.0,False,False,False,2.46,
10,9,2026-01-03 20:03:54.795,10.61,0.62,317.65,0.22,0.000,0.000,0.000,4.70,-1.56,-12.03,25.9,25.9,-734.2,81.3,118.5,3.299,0.0,False,False,False,2.70,
10,10,2026-01-03 20:03:55.181,10.76,0.71,-101.94,0.24,0.000,0.000,0.000,0.36,-0.01,-8.76,30.0,30.0,-736.8,78.1,118.5,3.579,0.0,False,False,False,2.86,
10,11,2026-01-03 20:03:55.547,11.68,0.56,220.62,0.14,0.000,0.000,0.000,3.05,-2.44,-11.24,34.1,34.1,-739.2,74.7,118.4,3.732,0.0,False,False,False,3.03,
10,12,2026-01-03 20:03:55.912,11.66,0.62,313.47,0.25,0.000,0.000,0.000,8.11,0.93,-9.90,38.1,38.1,-741.2,71.2,118.4,3.709,0.0,False,False,False,3.00,
10,13,2026-01-03 20:03:56.270,11.17,0.50,-78.29,0.30,0.000,0.000,0.000,1.30,2.45,-2.63,42.0,42.0,-742.8,67.5,118.5,3.621,0.0,False,False,False,2.86,
10,14,2026-01-03 20:03:56.637,11.57,0.74,-31.53,0.10,0.000,0.000,0.000,-2.95,-3.01,-8.29,45.9,45.9,-744.1,63.6,118.6,3.745,0.0,False,False,False,2.94,
10,15,2026-01-03 20:04:00.035,3.84,0.20,0.00,0.00,0.000,0.000,0.000,0.54,-6.56,-5.80,1.1,48.0,-718.0,100.1,118.7,2.834,0.0,True,False,False,-27.72,CRASH
11,0,2026-01-03 20:04:02.380,3.81,0.38,41.62,0.25,0.000,0.000,0.000,0.01,-3.09,-10.03,1.7,1.7,-718.5,99.6,118.7,1.091,0.0,False,False,False,0.92,
11,1,2026-01-03 20:04:02.748,4.41,0.33,142.80,0.28,0.000,0.000,0.000,0.75,-0.57,-9.02,3.3,3.3,-719.5,98.5,118.7,1.378,0.0,False,False,False,1.12,
11,2,2026-01-03 20:04:03.104,5.76,0.68,243.58,0.12,0.000,0.000,0.000,2.54,-2.98,-10.30,5.0,5.0,-720.5,97.1,118.7,1.585,0.0,False,False,False,1.36,
11,3,2026-01-03 20:04:03.472,7.03,0.72,-146.65,0.04,0.000,0.000,0.000,-1.95,-3.14,-8.97,7.3,7.3,-721.6,95.0,118.7,2.136,0.0,False,False,False,1.75,
11,4,2026-01-03 20:04:03.839,7.98,0.47,200.05,0.22,0.000,0.000,0.000,1.42,-1.71,-10.90,10.1,10.1,-723.1,92.7,118.6,2.498,0.0,False,False,False,2.04,
11,5,2026-01-03 20:04:04.219,8.56,0.90,11.68,0.27,0.000,0.000,0.000,1.43,-1.46,-8.86,13.1,13.1,-724.4,89.9,118.6,2.623,0.0,False,False,False,2.15,
11,6,2026-01-03 20:04:04.572,9.88,0.63,127.69,0.02,0.000,0.000,0.000,2.96,-4.04,-9.03,16.2,16.2,-725.6,86.9,118.6,2.927,0.0,False,False,False,2.43,
11,7,2026-01-03 20:04:04.938,10.34,0.89,15.51,0.22,0.000,0.000,0.000,1.69,-0.96,-2.80,19.9,19.9,-726.7,83.4,118.7,3.377,0.0,False,False,False,2.68,
11,8,2026-01-03 20:04:05.291,10.19,0.63,84.09,0.22,5.067,5.067,5.067,1.83,0.79,-7.77,23.5,23.5,-727.6,79.8,118.7,3.342,0.0,False,False,False,2.70,
11,9,2026-01-03 20:04:08.677,4.01,0.20,0.00,0.00,0.000,0.000,0.000,-0.09,-4.53,-12.97,1.2,23.5,-718.1,100.0,118.7,1.096,0.0,True,False,False,-29.23,CRASH
12,0,2026-01-03 20:04:10.996,4.06,0.65,70.60,0.17,0.000,0.000,0.000,-0.41,-4.91,-7.53,1.7,1.7,-718.4,99.6,118.7,1.058,0.0,False,False,False,0.93,
12,1,2026-01-03 20:04:11.345,5.84,0.98,291.48,0.14,0.000,0.000,0.000,2.77,-5.93,-8.67,3.4,3.4,-719.5,98.3,118.7,1.564,0.0,False,False,False,1.36,
12,2,2026-01-03 20:04:11.699,6.94,0.94,367.32,0.24,0.000,0.000,0.000,4.25,-1.79,-8.71,5.7,5.7,-720.7,96.4,118.7,2.051,0.0,False,False,False,1.70,
12,3,2026-01-03 20:04:12.058,7.33,0.61,-106.43,0.30,0.000,0.000,0.000,0.08,-0.58,-9.71,8.1,8.1,-721.6,94.0,118.7,2.295,0.0,False,False,False,1.85,
12,4,2026-01-03 20:04:12.511,9.08,0.77,70.93,0.01,0.000,0.000,0.000,0.85,-5.85,-12.81,11.0,11.0,-722.6,91.2,118.6,2.681,0.0,False,False,False,2.22,
12,5,2026-01-03 20:04:12.891,10.39,0.58,58.05,0.07,0.000,0.000,0.000,1.70,-5.29,-20.59,15.5,15.5,-724.0,86.8,118.6,3.337,0.0,False,False,False,2.68,
12,6,2026-01-03 20:04:13.251,10.62,0.55,-50.74,0.07,0.000,0.000,0.000,-0.76,1.19,-8.71,19.2,19.2,-724.9,83.2,118.8,3.361,0.0,False,False,False,2.71,
12,7,2026-01-03 20:04:16.651,4.21,0.20,0.00,0.00,0.000,0.000,0.000,0.63,-4.57,-10.28,1.4,20.5,-718.2,99.9,118.7,2.405,0.0,True,False,False,-28.15,CRASH
13,0,2026-01-03 20:04:18.964,3.79,0.59,156.33,0.27,0.000,0.000,0.000,2.09,-3.61,-7.75,1.6,1.6,-718.4,99.7,118.7,0.970,0.0,False,False,False,0.86,
13,1,2026-01-03 20:04:19.349,5.35,0.72,30.81,0.03,0.000,0.000,0.000,0.54,-5.78,-8.89,3.0,3.0,-719.2,98.6,118.7,1.206,0.0,False,False,False,1.13,
13,2,2026-01-03 20:04:19.703,6.44,0.32,227.10,0.08,0.000,0.000,0.000,3.21,-1.00,-8.63,4.9,4.9,-720.4,97.1,118.7,1.717,0.0,False,False,False,1.50,
13,3,2026-01-03 20:04:20.067,7.15,0.48,-59.75,0.10,0.000,0.000,0.000,-0.49,-2.53,-9.58,7.3,7.3,-721.5,95.0,118.7,2.155,0.0,False,False,False,1.78,
13,4,2026-01-03 20:04:20.418,7.77,0.71,-296.82,0.10,0.000,0.000,0.000,-3.99,-0.70,-9.68,9.9,9.9,-723.0,92.8,118.6,2.365,0.0,False,False,False,1.96,
13,5,2026-01-03 20:04:20.795,8.23,0.92,-48.23,0.18,0.000,0.000,0.000,-3.35,-3.68,-10.68,11.4,11.4,-724.0,91.6,118.6,1.331,0.0,False,False,False,1.49,
13,6,2026-01-03 20:04:21.149,8.23,0.92,-48.23,0.18,0.000,0.000,0.000,-3.35,-3.68,-10.68,11.4,11.4,-724.0,91.6,118.6,0.000,0.3,False,False,False,-0.20,
13,7,2026-01-03 20:04:21.500,8.23,0.92,-48.23,0.18,0.000,0.000,0.000,-3.35,-3.68,-10.68,11.4,11.4,-724.0,91.6,118.6,0.000,0.6,False,False,False,-0.20,
13,8,2026-01-03 20:04:21.851,8.23,0.92,-48.23,0.18,0.000,0.000,0.000,-3.35,-3.68,-10.68,11.4,11.4,-724.0,91.6,118.6,0.000,0.9,False,False,False,-0.20,
13,9,2026-01-03 20:04:22.225,8.23,0.92,-48.23,0.18,0.000,0.000,0.000,-3.35,-3.68,-10.68,11.4,11.4,-724.0,91.6,118.6,0.000,1.2,False,False,False,-0.20,
13,10,2026-01-03 20:04:22.603,8.23,0.92,-48.23,0.18,0.000,0.000,0.000,-3.35,-3.68,-10.68,11.4,11.4,-724.0,91.6,118.6,0.000,1.5,False,False,False,-0.20,
13,11,2026-01-03 20:04:22.970,8.23,0.92,-48.23,0.18,0.000,0.000,0.000,-3.35,-3.68,-10.68,11.4,11.4,-724.0,91.6,118.6,0.000,1.8,False,False,False,-0.20,
13,12,2026-01-03 20:04:23.337,8.23,0.92,-48.23,0.18,0.000,0.000,0.000,-3.35,-3.68,-10.68,11.4,11.4,-724.0,91.6,118.6,0.000,2.1,False,False,False,-0.20,
13,13,2026-01-03 20:04:23.690,8.23,0.92,-48.23,0.18,0.000,0.000,0.000,-3.35,-3.68,-10.68,11.4,11.4,-724.0,91.6,118.6,0.000,2.4,False,False,False,-0.20,
13,14,2026-01-03 20:04:24.050,8.23,0.92,-48.23,0.18,0.000,0.000,0.000,-3.35,-3.68,-10.68,11.4,11.4,-724.0,91.6,118.6,0.000,2.7,False,False,False,-0.20,
13,15,2026-01-03 20:04:24.433,8.23,0.92,-48.23,0.18,0.000,0.000,0.000,-3.35,-3.68,-10.68,11.4,11.4,-724.0,91.6,118.6,0.000,3.0,False,False,False,-0.20,
13,16,2026-01-03 20:04:24.787,8.23,0.92,-48.23,0.18,0.000,0.000,0.000,-3.35,-3.68,-10.68,11.4,11.4,-724.0,91.6,118.6,0.000,3.3,False,False,False,-0.20,
13,17,2026-01-03 20:04:25.140,8.23,0.92,-48.23,0.18,0.000,0.000,0.000,-3.35,-3.68,-10.68,11.4,11.4,-724.0,91.6,118.6,0.000,3.6,False,False,False,-0.20,
13,18,2026-01-03 20:04:25.507,8.23,0.92,-48.23,0.18,0.000,0.000,0.000,-3.35,-3.68,-10.68,11.4,11.4,-724.0,91.6,118.6,0.000,3.9,False,False,False,-0.20,
13,19,2026-01-03 20:04:25.875,8.23,0.92,-48.23,0.18,0.000,0.000,0.000,-3.35,-3.68,-10.68,11.4,11.4,-724.0,91.6,118.6,0.000,4.2,False,False,False,-0.20,
13,20,2026-01-03 20:04:26.244,8.23,0.92,-48.23,0.18,0.000,0.000,0.000,-3.35,-3.68,-10.68,11.4,11.4,-724.0,91.6,118.6,0.000,4.5,False,False,False,-0.20,
13,21,2026-01-03 20:04:26.611,8.23,0.92,-48.23,0.18,0.000,0.000,0.000,-3.35,-3.68,-10.68,11.4,11.4,-724.0,91.6,118.6,0.000,4.8,False,False,False,-0.20,
13,22,2026-01-03 20:04:26.974,8.23,0.92,-48.23,0.18,0.000,0.000,0.000,-3.35,-3.68,-10.68,11.4,11.4,-724.0,91.6,118.6,0.000,5.1,False,False,False,-0.20,
13,23,2026-01-03 20:04:27.330,8.23,0.92,-48.23,0.18,0.000,0.000,0.000,-3.35,-3.68,-10.68,11.4,11.4,-724.0,91.6,118.6,0.000,5.4,False,False,False,-0.20,
13,24,2026-01-03 20:04:27.696,8.23,0.92,-48.23,0.18,0.000,0.000,0.000,-3.35,-3.68,-10.68,11.4,11.4,-724.0,91.6,118.6,0.000,5.7,False,False,False,-0.20,
13,25,2026-01-03 20:04:28.087,8.23,0.92,-48.23,0.18,0.000,0.000,0.000,-3.35,-3.68,-10.68,11.4,11.4,-724.0,91.6,118.6,0.000,6.0,False,False,False,-0.20,
13,26,2026-01-03 20:04:31.495,0.00,0.00,0.00,0.00,0.000,0.000,0.000,-3.35,-3.68,-10.68,0.2,0.2,-717.1,101.0,118.7,0.000,0.0,False,True,False,-20.20,STUCK
14,0,2026-01-03 20:04:33.839,4.18,0.79,234.43,0.20,0.000,0.000,0.000,0.46,-2.72,-9.61,1.8,1.8,-718.5,99.6,118.7,1.122,0.0,False,False,False,0.96,
14,1,2026-01-03 20:04:34.194,6.17,0.69,208.12,0.00,0.000,0.000,0.000,2.97,-6.77,-9.15,3.5,3.5,-719.5,98.1,118.7,1.616,0.0,False,False,False,1.41,
14,2,2026-01-03 20:04:34.545,7.46,0.81,21.48,0.13,0.000,0.000,0.000,1.39,-3.03,-8.64,5.9,5.9,-720.5,95.9,118.7,2.188,0.0,False,False,False,1.82,
14,3,2026-01-03 20:04:34.913,8.48,0.99,-136.70,0.16,0.000,0.000,0.000,-2.07,-2.76,-8.80,8.8,8.8,-721.8,93.3,118.7,2.674,0.0,False,False,False,2.17,
14,4,2026-01-03 20:04:35.268,9.96,0.87,-38.85,0.07,0.000,0.000,0.000,-3.43,-5.61,-12.69,12.0,12.0,-723.4,90.5,118.6,2.875,0.0,False,False,False,2.43,
14,5,2026-01-03 20:04:35.651,10.58,0.69,-164.36,0.16,0.000,0.000,0.000,-3.11,-1.01,-10.70,15.8,15.8,-725.6,87.5,118.6,3.292,0.0,False,False,False,2.70,
14,6,2026-01-03 20:04:36.017,11.11,0.82,-189.13,0.07,0.000,0.000,0.000,-6.00,-1.78,-9.88,19.7,19.7,-728.5,84.7,118.6,3.607,0.0,False,False,False,2.87,
14,7,2026-01-03 20:04:36.373,12.65,0.94,219.75,0.01,0.000,0.000,0.000,0.02,-5.45,-12.66,23.6,23.6,-731.8,82.3,118.5,3.717,0.0,False,False,False,3.02,
14,8,2026-01-03 20:04:36.734,12.38,0.43,200.48,0.28,0.000,0.000,0.000,5.67,1.29,-8.89,27.9,27.9,-735.3,79.6,118.5,4.000,0.0,False,False,False,3.19,
14,9,2026-01-03 20:04:37.092,12.41,0.95,-150.73,0.04,0.000,0.000,0.000,-0.39,-0.86,-9.58,32.2,32.2,-738.4,76.6,118.5,3.912,0.0,False,False,False,3.19,
14,10,2026-01-03 20:04:37.477,13.25,0.45,88.65,0.04,0.000,0.000,0.000,0.28,-3.22,-10.26,37.1,37.1,-741.9,73.2,118.4,4.251,0.0,False,False,False,3.44,
14,11,2026-01-03 20:04:37.839,13.12,0.62,4.85,0.17,0.000,0.000,0.000,0.88,-0.35,-9.73,41.7,41.7,-745.2,69.9,118.4,4.187,0.0,False,False,False,3.40,
14,12,2026-01-03 20:04:38.206,13.49,0.31,198.64,0.08,0.000,0.000,0.000,4.99,0.11,-11.45,46.6,46.6,-748.4,66.3,118.3,4.452,0.0,False,False,False,3.58,
14,13,2026-01-03 20:04:38.570,12.99,0.38,-168.63,0.03,0.000,0.000,0.000,-1.19,1.08,-8.71,51.2,51.2,-751.2,62.5,118.4,4.203,0.0,False,False,False,3.39,
14,14,2026-01-03 20:04:38.928,12.36,0.29,-201.89,0.11,0.000,0.000,0.000,-6.33,1.17,-9.04,55.7,55.7,-754.1,59.1,118.4,4.015,0.0,False,False,False,3.25,
14,15,2026-01-03 20:04:39.311,12.05,0.44,-298.80,0.08,0.000,0.000,0.000,-7.14,-0.42,-9.47,60.2,60.2,-757.7,56.2,118.3,4.049,0.0,False,False,False,3.20,
14,16,2026-01-03 20:04:39.664,12.60,0.43,78.44,0.11,0.000,0.000,0.000,-2.61,-3.70,-11.65,64.2,64.2,-761.5,54.3,118.3,3.855,0.0,False,False,False,3.07,
14,17,2026-01-03 20:04:40.015,12.89,0.57,-151.19,0.00,0.000,0.000,0.000,-2.93,-0.28,-10.42,68.4,68.4,-765.7,52.6,118.3,4.066,0.0,False,False,False,3.15,
14,18,2026-01-03 20:04:40.380,12.43,0.41,-164.18,0.17,0.000,0.000,0.000,-6.98,1.03,-8.82,72.5,72.5,-770.1,51.3,118.2,4.228,0.0,False,False,False,3.12,
